LCSC Part Number,Manufacture Part Number,Manufacturer,Package,Quantity,Description,Unit Price($)
C45359932,CGA0603C0G150J500JT,HRE,0603,100,15pF ±5% 50V Ceramic Capacitor C0G 0603,0.0067
C105620,CC0603JRNPO9BN220,YAGEO,0603,88,22pF ±5% 50V Ceramic Capacitor NP0 0603,0.0107
C880621,TCC0402COG470J500AT,CCTC,0402,97,47pF ±5% 50V Ceramic Capacitor C0G 0402,0.0031
C161327,GJM1555C1H4R7BB01D,muRata,0402,46,4.7pF 50V Ceramic Capacitor C0G 0402,0.0271
C6119889,CGA0805X5R106K500MT,HRE,0805,46,10uF ±10% 50V Ceramic Capacitor X5R 0805,0.1662
C42371693,CGA0603X7R474K500JT,HRE,0603,96,470nF ±10% 50V Ceramic Capacitor X7R 0603,0.0264
C282519,TCC0603X7R104K500CT,CCTC,0603,48,100nF ±10% 50V Ceramic Capacitor X7R 0603,0.0115
C100040,CC0603KRX7R9BB102,YAGEO,0603,99,1nF ±10% 50V Ceramic Capacitor X7R 0603,0.0152
C108719,0805X225K500NT,FH,0805,11,2.2uF ±10% 50V Ceramic Capacitor X5R 0805,0.0819
C100042,CC0603KRX7R9BB103,YAGEO,0603,84,10nF ±10% 50V Ceramic Capacitor X7R 0603,0.0151
C88893,GJM1555C1H3R9WB01D,muRata,0402,16,3.9pF 50V Ceramic Capacitor C0G 0402,0.0355
C6119856,CGA0603X5R475K250JT,HRE,0603,12,4.7uF ±10% 25V Ceramic Capacitor X5R 0603,0.0257
C6119901,CGA0805X5R226M350MT,HRE,0805,62,22uF ±20% 35V Ceramic Capacitor X5R 0805,0.2517
C147767,10TPE220ML,PANASONIC,"SMD,7.3x4.3mm",11,220uF ±20% 10V Tantalum Capacitors 25mΩ@100kHz,1.0690
C519500,CC0603FRNPO9BN221,YAGEO,0603,46,220pF ±1% 50V Ceramic Capacitor NP0 0603,0.0280
C7432784,HGC1206R5107M100NSPJ,Chinocera,1206,14,100uF ±20% 10V Ceramic Capacitor X5R 1206,0.3330
C5137573,FCC0402N101J500AT,FOJAN,0402,100,100pF ±5% 50V Ceramic Capacitor C0G 0402,0.0100
C90540,0603B105K500NT,FH,0603,18,1uF ±10% 50V Ceramic Capacitor X7R 0603,0.0770
C1552,0402CG1R5C500NT,FH,0402,100,1.5pF 50V Ceramic Capacitor C0G 0402,0.0057
C105621,CC0603JRNPO9BN200,YAGEO,0603,100,20pF ±5% 50V Ceramic Capacitor NP0 0603,0.0084
C7432781,HGC1206R5106K500NSPJ,Chinocera,1206,54,10uF ±10% 50V Ceramic Capacitor X5R 1206,0.1700
C1550,0402CG1R0C500NT,FH,0402,100,1pF 50V Ceramic Capacitor C0G 0402,0.0049
C344195,TCC0603X7R224K500CT,CCTC,0603,100,220nF ±10% 50V Ceramic Capacitor X7R 0603,0.0174
C22383810,RVT1H221M1010,ACMECON,"SMD,D10xL10.2mm",5,220uF ±20% 50V Aluminum Electrolytic Capacitors,0.0973
C5162352,CS1V471M-CRG10,ROQANG,"SMD,D10xL10.5mm",5,470uF ±20% 35V Aluminum Electrolytic Capacitors 2000hrs@105℃,0.1057
C114618,RC0603FR-07330KL,YAGEO,0603,100,100mW 330kΩ 75V Thick Film Resistor ±100ppm/℃ ±1% 0603 Chip Resistor - Surface Mount RoHS,0.0068
C105588,RC0603FR-07100RL,YAGEO,0603,89,100mW 100Ω 75V Thick Film Resistor ±100ppm/℃ ±1% 0603 Chip Resistor - Surface Mount RoHS,0.0070
C2907023,FRC0603F3301TS,FOJAN,0603,100,3.3kΩ ±1% 100mW 0603 Thick Film Resistor,0.0025
C114633,RC0603FR-0768KL,YAGEO,0603,100,68kΩ 100mW 75V Thick Film Resistor ±100ppm/℃ ±1% 0603 Chip Resistor - Surface Mount RoHS,0.0023
C22548,RC0603FR-071KL,YAGEO,0603,91,100mW 1kΩ 75V Thick Film Resistor ±100ppm/℃ ±1% 0603 Chip Resistor - Surface Mount RoHS,0.0053
C105579,RC0603FR-0747KL,YAGEO,0603,79,100mW 47kΩ 75V Thick Film Resistor ±100ppm/℃ ±1% 0603 Chip Resistor - Surface Mount RoHS,0.0068
C325591,RMC06032.2K1%N,TyoHM,0603,80,2.2kΩ ±1% 100mW 0603 Thick Film Resistor,0.0036
C22962,0603WAF2200T5E,UNI-ROYAL,0603,94,220Ω ±1% 100mW 0603 Thick Film Resistor,0.0089
C269716,RMC06035.1K1%N,TyoHM,0603,92,5.1kΩ ±1% 100mW 0603 Thick Film Resistor,0.0044
C2906992,FRC0603F1302TS,FOJAN,0603,95,13kΩ ±1% 100mW 0603 Thick Film Resistor,0.0027
C325595,RMC06032.7K1%N,TyoHM,0603,99,2.7kΩ ±1% 100mW 0603 Thick Film Resistor,0.0038
C23345,0603WAF220JT5E,UNI-ROYAL,0603,84,22Ω ±1% 100mW 0603 Thick Film Resistor,0.0039
C100001,RC0603FR-0730KL,YAGEO,0603,100,100mW 30kΩ 75V Thick Film Resistor ±100ppm/℃ ±1% 0603 Chip Resistor - Surface Mount RoHS,0.0067
C500733,LR2512D-3W-0.5mR-1%,Milliohm,2512,7,0.5mΩ 3W Current Sense Resistor ±1% 25ppm/℃~+50ppm/℃ 2512 Chip Resistor - Surface Mount RoHS,0.1368
C125768,RS-03K3300FT,FH,0603,92,100mW 330Ω 50V Thick Film Resistor ±100ppm/℃ ±1% 0603 Chip Resistor - Surface Mount RoHS,0.0056
C25804,0603WAF1002T5E,UNI-ROYAL,0603,41,10kΩ ±1% 100mW 0603 Thick Film Resistor,0.0414
C14675,RC0603FR-07100KL,YAGEO,0603,94,100mW 100kΩ 75V Thick Film Resistor ±100ppm/℃ ±1% 0603 Chip Resistor - Surface Mount RoHS,0.0047
C42427991,ZENR3015T150M-15uH,ZE,"SMD,3x3mm",5,"650mA 15uH ±20% 660mA 350mΩ Magnetic Shielded Inductor SMD,3x3mm Fixed Inductors RoHS",0.0385
C521065,LQG15HS1N8B02D,muRata,0402,31,950mA 1.8nH 80mΩ Multilayer inductor 0402 Fixed Inductors RoHS,0.0566
C2838330,BMRA000505304R7MA1,Chilisin,"SMD,5.7x5.4mm",5,"4A 4.7uH ±20% 60mΩ 6A Magnetic Shielded Inductor SMD,5.7x5.4mm Fixed Inductors RoHS",0.2783
C133049,LQG15HS6N2S02D,muRata,0402,97,600mA 6.2nH 220mΩ Multilayer inductor 0402 Fixed Inductors RoHS,0.0189
C285717,MHCI06030-150M-R8,Chilisin,"SMD,7.3x6.6mm",4,"3A 15uH ±20% 5A 122mΩ Magnetic Shielded Inductor SMD,7.3x6.6mm Fixed Inductors RoHS",0.1743
C329386,MHCI06030-1R5M-R8A,Chilisin,"SMD,7.3x6.6mm",1,"10A 1.5uH ±20% 14A 12.1mΩ Magnetic Shielded Inductor SMD,7.3x6.6mm Fixed Inductors RoHS",0.1382
C325965,SLO0530H6R8MTT,Sunltech,"SMD,5.4x5.2mm",5,"4A 6.8uH ±20% 3.5A 66mΩ Molded Inductor SMD,5.4x5.2mm Fixed Inductors RoHS",0.1362
C494700,SCBM160808U190T,Yanchuang,0603,48,Ferrite Bead 0603 5A 30mΩ,0.0082
C82155,BLM18HE152SN1D,muRata,0603,25,1.5kΩ@100MHz 1 Line Ferrite Bead 0603 500mA 500mΩ,0.0629
C7466430,SMBJ33CA,HXY MOSFET,SMB(DO-214AA),10,53.3VC Clamp 11.3A Ipp TVS DIODE SMB(DO-214AA),0.0384
C41371421,1N4148WS-E,MDD(Microdiode Semiconductor),SOD-323,10,Diode 100V 150mA Surface Mount SOD-323,0.0076
C84263,NCD0603R1,NATIONSTAR,0603,40,Red 630nm LED Indication - Discrete 1.6V~2.6V 0603,0.0097
C908680,SS34,GOODWORK,SMA(DO-214AC),40,Diode Independent 40V 3A Surface Mount SMA(DO-214AC),0.0387
C7371905,XL-1608PGC-06,XINGLIGHT,0603,28,Emerald Green 525nm LED Indication - Discrete 2.6V~3V 0603,0.0112
C727076,DSK34,TWGMC,SOD-123FL,23,Diode Independent 40V 3A Surface Mount SOD-123FL,0.0323
C70582,X322525MMB4SI,YXC Crystal Oscillators,SMD3225-4P,5,Crystal 25MHz ±10ppm 10pF SMD3225-4P,0.1013
C400090,TAXM8M4RDBCCT2T,Yajingxin,SMD3225-4P,3,Crystal 8MHz ±10ppm 10pF 250Ω SMD3225-4P,0.1446
C3034316,XC21M4-52.000-F10NNHPL,HCI,SMD2016-4P,2,Crystal 52MHz ±10ppm 10pF 60Ω SMD2016-4P,0.1354
C13738,X322516MLB4SI,YXC Crystal Oscillators,SMD3225-4P,10,Crystal 16MHz ±10ppm 9pF SMD3225-4P,0.0935
C9010,X322540MPB4SI,YXC Crystal Oscillators,SMD3225-4P,1,Crystal 40MHz ±10ppm 15pF SMD3225-4P,0.1090
C22434896,OW7EL89CENUNFAYLC-52M,YXC Crystal Oscillators,SMD2016-4P,11,52MHz SMD2016-4P Oscillators RoHS,0.7744
C5160132,XVFEELNANF-8MHZ,TAITIEN Elec,SMD5032-4P,1,Crystal 8MHz ±30ppm 16pF SMD5032-4P,0.3630
C521690,XNLCZLNDED-0.032768MHZ,TAITIEN Elec,MC-306,3,Crystal 32.768kHz ±20ppm 6pF MC-306,0.2404
C20917,AO3400A,AOS,SOT-23,10,N-Channel 30V Surface Mount SOT-23-3L,0.0849
C15155,AO3407A,AOS,SOT-23,10,P-Channel 30V 4.3A Surface Mount SOT-23,0.0968
C49046454,AO3011A,JSMSEMI,SOT-23-3L,9,N-Channel 30V 10A 1.5W Surface Mount SOT-23-3L,0.0622
C41371422,MMBT3904-E,MDD(Microdiode Semiconductor),SOT-23,4,Bipolar (BJT) Transistor NPN 40V 200mA 300MHz 200mW Surface Mount SOT-23,0.0080
C41355114,SP1117V33TC,Siliup,SOT-223,4,"3.3V Positive Fixed SOT-223 Voltage Regulators - Linear, Low Drop Out (LDO) Regulators RoHS",0.0359
C19078229,MX74610T,Wuxi Maxinmicro,SOT-23-6L,10,"480mV 9.4uA 60V 1 160mA SOT-23-6L OR Controllers, Ideal Diodes RoHS",0.4131
C2858491,ESP32-C3FH4,ESPRESSIF,QFN-32-EP(5x5),3,RISC-V 160MHz QFN-32-EP(5x5) RF Transceiver Modules and Modems RoHS,2.1743
C2959840,TP3USB30M10,TECH PUBLIC,MSOP-10,2,2.3V~5V 720MHz 4.5Ω DPDT USB MSOP-10 Analog Switches - Special Purpose RoHS,0.6133
C49851,INA226AIDGSR,TI,VSSOP-10,6,0V~36V 2.5uV 100pA VSSOP-10 Current Regulation/Management RoHS,0.8929
C485517,TLV75733PDBVR,TI,SOT-23-5,10,"3.3V Positive Fixed SOT-23-5 Voltage Regulators - Linear, Low Drop Out (LDO) Regulators RoHS",0.2055
C207642,SY8368AQQC,Silergy,QFN-12(3x3),1,Buck Switching Regulator IC Adjustable 5V 1 Output 8A QFN-12(3x3),0.8284
C2291138,1206J2500182MXT,Knowles,1206,1,1.8nF X7R ±20% 250V 1206 Ceramic Capacitors RoHS,0.1666
C128396,TS3USB221ARSER,TI,UQFN-10(1.5x2),5,2.3V~3.6V 900MHz 6Ω 2:1 USB UQFN-10(1.5x2) Analog Switches - Special Purpose RoHS,0.2707
C22373734,HUSB237-AA001-DN06R,Hynetek,DFN-6L-EP(2x2),7,Power Receiver Controller 100W DFN-6L-EP(2x2) Power Management - Specialized RoHS,0.1968
C190862,W25Q128JVPIQ,Winbond,WSON-8-EP(5x6),1,128Mbit 2.7V~3.6V 133MHz SPI WSON-8-EP(5x6) Memory RoHS,3.7478
C9865,TPS54331DR,TI,SOIC-8,5,570kHz Step-down type Adjustable 800mV~25V 3A SOIC-8 Voltage Regulators - DC DC Switching Regulators RoHS,0.4489
C2651081,2450FM07D0034T,Johanson Dielectrics,"SMD-4P,1x0.5mm",5,"50Ω 0.75dB SMD-4P,1x0.5mm RF Filters RoHS",0.3133
C9864,TPS5430DDAR,TI,SOIC-8-EP,9,500kHz Step-down type Adjustable 1.221V~32.04V 3A SOIC-8-EP Voltage Regulators - DC DC Switching Regulators RoHS,0.8701
C2151551,SX1281IMLTRT,SEMTECH,QFN-24-EP(4x4),4,2Mbps -132dBm 2.4GHz~2.5GHz 2.4GHz 1.8V~3.7V QFN-24-EP(4x4) RF Transceiver ICs RoHS,3.6242
C125969,SX1280IMLTRT,SEMTECH,QFN-24-EP(4x4),2,-132dBm 2.4GHz~2.5GHz 2.4GHz 1.8V~3.7V QFN-24-EP(4x4) RF Transceiver ICs RoHS,4.2369
C496550,BWSMA-KE-P001,BAT WIRELESS,SMD,8,Connector Receptacle SMA Female Pin 50Ω Surface Mount Offset Pin,0.3909
C504002,KH-3216-A35,kinghelm,1206,7,RF ANTENNA Ceramic Surface Mount 1206,0.1689
C3029370,WAFER-GH1.25-4PLB,XUNPU,"SMD,P=1.25mm",2,"Connector Header 4 position 1.25mm Pitch 1A Surface Mount,Vertical -25℃~+85℃",0.1479
C88374,U.FL-R-SMT-1(80),HRS,SMD,7,Connector Receptacle IPEX Male Pin 50Ω Surface Mount,0.1019
C3029377,WAFER-GH1.25-2PWB,XUNPU,"SMD,P=1.25mm,Surface Mount,Right Angle",2,"Connector Header 2 position 1.25mm Pitch 1A Surface Mount, Right Angle -25℃~+85℃",0.1072
C2927038,USB-TYPE-C-018,DEALON,SMD,9,"USB-C (USB TYPE-C) Receptacle Connector 16 Position Surface Mount, Right Angle",0.0436
C91145,TF-01A,Korean Hroparts Elec,SMD,6,Micro SD card (TF card) Connector and Ejector Push-Push Surface Mount,0.1914
C49234124,HX 3x4x2-2P-1.6N TACTILE SWITCH,hanxia,"SMD,4x3mm",50,Tactile Switch SPST 160gf 2mm SMD (SMT) Tab 4mm x 3mm Surface Mount,0.0250
C2886769,GH125-S06DCA-00,JUSHUO,"SMD,P=1.25mm,Surface Mount,Right Angle",1,"Connector Header 6 position 1.25mm Pitch 1A Surface Mount, Right Angle -25℃~+85℃",0.1082
C3029379,WAFER-GH1.25-4PWB,XUNPU,"SMD,P=1.25mm,Surface Mount,Right Angle",7,"Connector Header 4 position 1.25mm Pitch 1A Surface Mount, Right Angle -25℃~+85℃",0.1240
C97521,W25Q128JVSIQ,Winbond,SOIC-8-208mil,3,128Mbit 2.7V~3.6V 133MHz SPI SOIC-8-208mil Memory RoHS,2.7537
C82351,AT7456E,ZHONGKEWEI,TSSOP-28-EP,5,TSSOP-28-EP Microcontrollers RoHS,3.7445
C22391138,BMP580,Bosch,LGA-10(2x2),2,"30Kpa~1.25bar LGA-10(2x2) Pressure Sensors, Transducers - Industrial RoHS",1.2096
C114409,STM32H743VIT6,ST,LQFP-100(14x14),2,ARM Cortex-M7 32 Bit 480MHz 82 LQFP-100(14x14) Microcontrollers RoHS,12.1753
C961486,TJA1044GT/3Z,NXP,SO-8,3,"4.5V~5.5V CAN FD Transceiver 5Mbps SO-8 Drivers, Receivers, Transceivers RoHS",0.5452
C41432121,ICM-42631,TDK InvenSense,LGA-14(2.5x3),4,LGA-14(2.5x3) Accelerometers RoHS,2.6318
C53207532,JXT-XH2.54-4PWZ,JXTCONN,"Through Hole,Right Angle,P=2.54mm",14,"XH 250V 4 1 2.5mm 2A Right Angle 4P -25℃~+85℃ Tin White 1x4P Through Hole,Right Angle,P=2.54mm Headers, Male Pins RoHS",0.0226
C53207536,JXT-XH2.54-2PWZ,JXTCONN,"Through Hole,Right Angle,P=2.54mm",48,"XH 250V 2 1 2.5mm 2A Right Angle -25℃~+85℃ Tin 2P White 1x2P Through Hole,Right Angle,P=2.54mm Headers, Male Pins RoHS",0.0139
C42382518,W2542100-6PW2113,HMTCONN,"Through Hole,Right Angle,P=2.54mm",19,"XH 250V 6 1 2.5mm 2A Right Angle 6P -25℃~+85℃ Tin White 1x6P Through Hole,Right Angle,P=2.54mm Headers, Male Pins RoHS",0.0326
C37635384,XTM32027000FT00351001,TOGNJING,SMD3225-4P,10,Crystal 27MHz ±10ppm 9pF 30Ω SMD3225-4P,0.0428
C140069,RS-03K75R0FT,FH,0603,100,100mW 75Ω 50V Thick Film Resistor ±100ppm/℃ ±1% 0603 Chip Resistor - Surface Mount RoHS,0.0037
C118392,RS-03K3001FT,FH,0603,100,3kΩ ±1% 100mW 0603 Thick Film Resistor,0.0047
C107034,CC0603JRNPO9BN120,YAGEO,0603,96,12pF ±5% 50V Ceramic Capacitor NP0 0603,0.0103
C36508,0603CG8R0C500NT,FH,0603,96,8pF 50V Ceramic Capacitor C0G 0603,0.0096
C914769,CC0603KRX7R7BB225,YAGEO,0603,32,2.2uF ±10% 16V Ceramic Capacitor X7R 0603,0.1385
C347222,AMS1117-3.3,UMW,SOT-223,10,Linear Voltage Regulator IC Positive Fixed 1 Output 1A SOT-223,0.0486